{"cameraMode":{"drawMode":0,"name":"Shaded","section":"Shading Mode"},"sceneLighting":true,"audioPlay":false,"sceneViewState":{"showFog":true,"showMaterialUpdate":false,"showSkybox":true,"showFlares":true,"showImageEffects":true,"showParticleSystems":true},"in2DMode":false,"pivot":{"x":-21.650848388671876,"y":-13.733341217041016,"z":39.61986541748047},"rotation":{"x":0.19365757703781129,"y":-0.4424167573451996,"z":0.09846854209899903,"w":0.8700980544090271},"size":30.06285858154297,"orthographic":false}