{"cameraMode":{"drawMode":0,"name":"Shaded","section":"Shading Mode"},"sceneLighting":true,"audioPlay":false,"sceneViewState":{"showFog":true,"showMaterialUpdate":false,"showSkybox":true,"showFlares":true,"showImageEffects":true,"showParticleSystems":true},"in2DMode":false,"pivot":{"x":1.9490001201629639,"y":-1.4174203872680665,"z":0.1771290898323059},"rotation":{"x":0.21401189267635346,"y":-0.05271955952048302,"z":0.011567888781428337,"w":0.9753388166427612},"size":0.7999650835990906,"orthographic":false}