{"cameraMode":{"drawMode":0,"name":"Shaded","section":"Shading Mode"},"sceneLighting":true,"audioPlay":false,"sceneViewState":{"showFog":true,"showMaterialUpdate":false,"showSkybox":true,"showFlares":true,"showImageEffects":true,"showParticleSystems":true},"in2DMode":false,"pivot":{"x":2.1181888580322267,"y":-1.2279539108276368,"z":-0.5163699984550476},"rotation":{"x":0.4462180435657501,"y":0.5438585877418518,"z":-0.42734450101852419,"w":0.5678775906562805},"size":1.0476845502853394,"orthographic":true}